{
  "id": "9a5a2429-7545-4209-9c4f-4671c86dcdf1",
  "generation": 0,
  "iteration": 0,
  "timestamp": 1762773855.316559,
  "parent_id": null,
  "metrics": {
    "combined_score": 1.0351403098491856,
    "mean_speedup": 1.0351403098491856,
    "num_valid": 10.0,
    "success_rate": 1.0,
    "accuracy": 1.0
  },
  "language": "python",
  "saved_at": 1762774611.856512
}