{
  "id": "9a70deeb-534f-471c-985d-20be82748ff0",
  "generation": 1,
  "iteration": 8,
  "current_iteration": 15,
  "metrics": {
    "combined_score": 5644.106459377409,
    "mean_speedup": 5644.106459377409,
    "num_valid": 1.0,
    "success_rate": 1.0,
    "accuracy": 0.1
  },
  "language": "python",
  "timestamp": 1762869259.2440758,
  "saved_at": 1762870127.0460098
}