{
  "id": "3f3e5756-8b58-40da-8fa4-00b66d8335b0",
  "generation": 0,
  "iteration": 0,
  "timestamp": 1762772237.873827,
  "parent_id": null,
  "metrics": {
    "combined_score": 1.0326222394134361,
    "mean_speedup": 1.0326222394134361,
    "num_valid": 10.0,
    "success_rate": 1.0,
    "accuracy": 1.0
  },
  "language": "python",
  "saved_at": 1762772928.0959513
}