{
  "id": "cf09417c-5e2e-4b5a-8929-bfa510564984",
  "generation": 1,
  "iteration": 2,
  "timestamp": 1762778305.231214,
  "parent_id": "2a1d803d-f203-4fce-83de-4d151e1f3809",
  "metrics": {
    "combined_score": 41.00920299137916,
    "mean_speedup": 41.00920299137916,
    "num_valid": 10.0,
    "success_rate": 1.0,
    "accuracy": 1.0
  },
  "language": "python",
  "saved_at": 1762778520.0135205
}