{
  "id": "4d3ce01f-a230-42d6-b949-15f767553a17",
  "generation": 1,
  "iteration": 1,
  "timestamp": 1762775700.9198287,
  "parent_id": "2f171549-4ccf-4211-844a-f18e8b7d4d21",
  "metrics": {
    "combined_score": 14.469117491350072,
    "mean_speedup": 14.469117491350072,
    "num_valid": 10.0,
    "success_rate": 1.0,
    "accuracy": 1.0
  },
  "language": "python",
  "saved_at": 1762776272.852721
}