{
  "id": "66c20a9e-c4fc-4c9f-ae49-8534b252a167",
  "generation": 1,
  "iteration": 2,
  "current_iteration": 10,
  "metrics": {
    "combined_score": 1.159083859659339,
    "mean_speedup": 1.159083859659339,
    "num_valid": 10.0,
    "success_rate": 1.0,
    "accuracy": 1.0
  },
  "language": "python",
  "timestamp": 1762760829.2464206,
  "saved_at": 1762762978.6764946
}