{
  "id": "14d21aae-24fe-4a4e-aad0-4eb1c1cb6e45",
  "generation": 1,
  "iteration": 4,
  "timestamp": 1762771753.087969,
  "parent_id": "cd698e40-7d6e-4b0b-bc63-dd53c5cc4266",
  "metrics": {
    "combined_score": 1131.4075494478611,
    "mean_speedup": 1131.4075494478611,
    "num_valid": 10.0,
    "success_rate": 1.0,
    "accuracy": 1.0
  },
  "language": "python",
  "saved_at": 1762771892.89431
}