{
  "id": "15424561-650f-47d6-8156-a38c7e913987",
  "generation": 0,
  "iteration": 0,
  "current_iteration": 10,
  "metrics": {
    "stage1_passed": 0.0,
    "error": 0.0
  },
  "language": "python",
  "timestamp": 1762867080.5946302,
  "saved_at": 1762867452.6512563
}