{
  "id": "b2f9b8d8-e30a-412a-893c-e384798a5595",
  "generation": 1,
  "iteration": 5,
  "timestamp": 1762775472.0260339,
  "parent_id": "aa84ed25-b725-4ec8-904a-a5b44c30cbfb",
  "metrics": {
    "combined_score": 199.02331341913327,
    "mean_speedup": 199.02331341913327,
    "num_valid": 0.0,
    "success_rate": 1.0,
    "accuracy": 0.0
  },
  "language": "python",
  "saved_at": 1762775472.0738158
}