{
  "id": "70c4a28e-f24e-4cb5-87f0-07520268e5dd",
  "generation": 1,
  "iteration": 3,
  "timestamp": 1762773530.8137717,
  "parent_id": "73dbe4eb-7a09-4709-acbb-4c1547f6cad3",
  "metrics": {
    "combined_score": 319.0693408382206,
    "mean_speedup": 319.0693408382206,
    "num_valid": 10.0,
    "success_rate": 1.0,
    "accuracy": 1.0
  },
  "language": "python",
  "saved_at": 1762773751.5081267
}