{
  "id": "b7bf6afd-3938-4915-b8a3-77e844ee1181",
  "generation": 0,
  "iteration": 0,
  "timestamp": 1761820699.0276556,
  "parent_id": null,
  "metrics": {
    "score": 1.086669287023938,
    "mean_speedup": 1.086669287023938,
    "median_speedup": 1.0821009255234242,
    "accuracy": 1.0,
    "success_rate": 1.0,
    "num_evaluated": 10.0,
    "num_valid": 10.0,
    "num_errors": 0.0,
    "num_timeouts": 0.0,
    "avg_solver_time_ms": 0.0,
    "avg_baseline_time_ms": 107.5773797,
    "baseline_to_solver_ratio": Infinity
  },
  "language": "python",
  "saved_at": 1761830840.7489643
}