{
  "id": "165f4928-7343-4d58-bcba-3b3f62310204",
  "generation": 0,
  "iteration": 0,
  "current_iteration": 5,
  "metrics": {
    "combined_score": 0.0,
    "mean_speedup": 0.0,
    "num_valid": 0.0,
    "success_rate": 0.0,
    "accuracy": 0.0
  },
  "language": "python",
  "timestamp": 1762867085.0479379,
  "saved_at": 1762867432.8408298
}