{
  "id": "868d8922-1c1a-4109-8446-842c47276fd8",
  "generation": 1,
  "iteration": 3,
  "timestamp": 1762777618.4973521,
  "parent_id": "03624dd4-12a4-4640-91ea-57cabc20f025",
  "metrics": {
    "combined_score": 150.67530992518846,
    "mean_speedup": 150.67530992518846,
    "num_valid": 10.0,
    "success_rate": 1.0,
    "accuracy": 1.0
  },
  "language": "python",
  "saved_at": 1762778035.6447735
}