{
  "id": "13951b31-2083-4685-9c89-b96a5df163c5",
  "generation": 0,
  "iteration": 0,
  "current_iteration": 5,
  "metrics": {
    "combined_score": 0.0,
    "mean_speedup": 0.0,
    "num_valid": 0.0,
    "success_rate": 0.0,
    "accuracy": 0.0
  },
  "language": "python",
  "timestamp": 1762867185.1248014,
  "saved_at": 1762867514.6908362
}