{
  "id": "7e20ea15-1ea8-4b99-9290-e922f314040d",
  "generation": 1,
  "iteration": 4,
  "timestamp": 1762776982.2571945,
  "parent_id": "46f2d55e-fc93-4ab5-ac96-1a6d2534daa4",
  "metrics": {
    "combined_score": 1.7436250453370732,
    "mean_speedup": 1.7436250453370732,
    "num_valid": 10.0,
    "success_rate": 1.0,
    "accuracy": 1.0
  },
  "language": "python",
  "saved_at": 1762777116.5623405
}