{
  "id": "cd42c4b0-8a9f-4b22-ba73-38869fa04cf4",
  "generation": 1,
  "iteration": 4,
  "timestamp": 1762872647.4982498,
  "parent_id": "0f10ce28-b583-4727-8465-9a5cfe0c6072",
  "metrics": {
    "combined_score": 1.0718190498026265,
    "mean_speedup": 1.0718190498026265,
    "num_valid": 10.0,
    "success_rate": 1.0,
    "accuracy": 1.0
  },
  "language": "python",
  "saved_at": 1762875174.9059315
}