{
  "id": "64bd2f41-b0d8-4e4d-90c4-eaf092dabd88",
  "generation": 1,
  "iteration": 3,
  "timestamp": 1762703902.4186401,
  "parent_id": "f28661d1-89ea-4748-a65a-9f04f1e04a9e",
  "metrics": {
    "combined_score": 1.1296667521947836,
    "mean_speedup": 1.1296667521947836,
    "num_valid": 10.0,
    "success_rate": 1.0,
    "accuracy": 1.0
  },
  "language": "python",
  "saved_at": 1762704451.336521
}