{
  "id": "2f2dceec-ea27-4a7d-8656-0f494ff5df1c",
  "generation": 3,
  "iteration": 14,
  "current_iteration": 20,
  "metrics": {
    "combined_score": 1.1671088362890076,
    "mean_speedup": 1.1671088362890076,
    "num_valid": 10.0,
    "success_rate": 1.0,
    "accuracy": 1.0
  },
  "language": "python",
  "timestamp": 1762764044.83619,
  "saved_at": 1762765539.0686991
}