{
  "id": "1f0747e9-daa0-43cf-bd7d-cecd9344af13",
  "generation": 2,
  "iteration": 16,
  "current_iteration": 20,
  "metrics": {
    "combined_score": 4.608233550550764,
    "mean_speedup": 4.608233550550764,
    "num_valid": 10.0,
    "success_rate": 1.0,
    "accuracy": 1.0
  },
  "language": "python",
  "timestamp": 1762869162.1074572,
  "saved_at": 1762869340.742365
}