{
  "id": "cfd92271-3d99-409a-ab38-b80fd6207f6d",
  "generation": 0,
  "iteration": 0,
  "timestamp": 1762771977.5382123,
  "parent_id": null,
  "metrics": {
    "combined_score": 1.009046832152389,
    "mean_speedup": 1.009046832152389,
    "num_valid": 10.0,
    "success_rate": 1.0,
    "accuracy": 1.0
  },
  "language": "python",
  "saved_at": 1762772139.7126207
}