{
  "id": "4a8c8942-ea29-4abe-8929-c7aecf752996",
  "generation": 1,
  "iteration": 2,
  "timestamp": 1762770583.633359,
  "parent_id": "58628389-3d71-4802-b2f3-318cfee835c7",
  "metrics": {
    "combined_score": 1.0174989252167168,
    "mean_speedup": 1.0174989252167168,
    "num_valid": 10.0,
    "success_rate": 1.0,
    "accuracy": 1.0
  },
  "language": "python",
  "saved_at": 1762771126.5579643
}